Breed Size,MAE (kg),Erro Médio (%),Quantidade
Small,1.9722819493400843,24.6951033571901,462
Unknown,2.759728386446943,19.958179853607966,44
Large,4.828641373909742,12.874841059909821,561
Medium,2.6535596334622147,11.53474065758189,369
